step,time,omega,delta_omega,rear_cd,rear_cl,objective,mpc_seconds,step_seconds
1,80.1,0.03216300532221794,0.03216300532221794,1.045278174,0.8293943256,1.9623312950134277,3.218885193999995,14.348921247000362
2,80.19999999999999,0.060945622622966766,0.028782617300748825,1.021052636,0.9622382879,1.9533008337020874,2.178159513000537,10.64787096999953
3,80.29999999999998,0.05886945500969887,-0.0020761676132678986,0.9920104665,1.083660349,1.9449931383132935,2.122573461000684,10.641663004999828
4,80.39999999999998,0.036091431975364685,-0.022778023034334183,0.9579052137,1.195040627,1.9314396381378174,2.2537706869998146,10.630803648999972
5,80.49999999999997,0.008259337395429611,-0.027832094579935074,0.9221503522,1.294218176,1.9120498895645142,2.2186927100001412,10.629607065000528
6,80.59999999999997,-0.021265411749482155,-0.029524749144911766,0.8837778571,1.382020059,1.8916171789169312,2.162301953999304,10.545851223999307
7,80.69999999999996,-0.05159344524145126,-0.03032803349196911,0.8449362306,1.457078789,1.8696098327636719,2.234665070000119,10.575241301999995
8,80.79999999999995,-0.08237703144550323,-0.03078358620405197,0.8082654555,1.51971412,1.844010829925537,2.2293236670002443,10.577626740000596
9,80.89999999999995,-0.1134684681892395,-0.031091436743736267,0.7749843043,1.568722449,1.8192428350448608,2.24574056199981,10.577593643
10,80.99999999999994,-0.14474408328533173,-0.031275615096092224,0.7464225259,1.603387872,1.7928601503372192,2.2523688179999226,10.602145536000535
11,81.09999999999994,-0.17613108456134796,-0.031387001276016235,0.7239057461,1.624517502,1.765710711479187,2.2515514350006924,10.650677552000161
12,81.19999999999993,-0.20765875279903412,-0.03152766823768616,0.7080332006,1.630741817,1.7386215925216675,2.2063169670000207,10.535616603000562
13,81.29999999999993,-0.23922927677631378,-0.03157052397727966,0.6983399289,1.621789171,1.713521122932434,2.2492890029998307,10.537512112000513
14,81.39999999999992,-0.27085715532302856,-0.03162787854671478,0.6949941805,1.599109026,1.6873586177825928,2.1431690839999646,10.40792610399967
15,81.49999999999991,-0.30252718925476074,-0.03167003393173218,0.6976321198,1.561993621,1.6632969379425049,2.139521285000228,10.46553855899947
16,81.59999999999991,-0.33421385288238525,-0.03168666362762451,0.7061971034,1.512399461,1.6413356065750122,2.232567638000546,10.576038801000323
17,81.6999999999999,-0.36591264605522156,-0.031698793172836304,0.7193578604,1.448662785,1.6227234601974487,2.2529105379999237,10.513513806000446
18,81.7999999999999,-0.39758744835853577,-0.03167480230331421,0.7354180426,1.372429578,1.6065268516540527,2.156994967999708,10.512886925000203
19,81.89999999999989,-0.4292660057544708,-0.03167855739593506,0.754769127,1.284173624,1.5925068855285645,2.2474784369996996,10.56935028099997
20,81.99999999999989,-0.46091610193252563,-0.03165009617805481,0.7768927459,1.184054276,1.5813993215560913,2.2503275459994256,10.59681867800009
21,82.09999999999988,-0.49257710576057434,-0.031661003828048706,0.800897533,1.073626486,1.5730586051940918,2.2400766880000447,10.583156116999817
22,82.19999999999987,-0.524296760559082,-0.03171965479850769,0.8250131926,0.9530141011,1.5677505731582642,2.255779769999208,10.694546957999592
23,82.29999999999987,-0.556122362613678,-0.03182560205459595,0.8491266691,0.8240466666,1.5644667148590088,2.1727977390000888,10.505362033999518
24,82.39999999999986,-0.5881038308143616,-0.031981468200683594,0.8733304056,0.6871873001,1.5636855363845825,2.246624499999598,10.540694585999518
25,82.49999999999986,-0.6204818487167358,-0.03237801790237427,0.8977141801,0.5453087659,1.5653246641159058,2.129929218000143,10.402986715000225
26,82.59999999999985,-0.6529181003570557,-0.032436251640319824,0.9188903209,0.3999026053,1.569988489151001,2.131912932999512,10.358747172000221
27,82.69999999999985,-0.6554371118545532,-0.0025190114974975586,0.9384279236,0.2510357476,1.5759881734848022,2.146575159999884,10.416451013999904
28,82.79999999999984,-0.6340402960777283,0.02139681577682495,0.9578248536,0.1014100865,1.5847313404083252,2.129630702000213,10.437023315999795
29,82.89999999999984,-0.6064199209213257,0.027620375156402588,0.9736588196,-0.04806646858,1.5938552618026733,2.10081381999953,10.3755693840003
30,82.99999999999983,-0.576786458492279,0.02963346242904663,0.9856228743,-0.1958225919,1.6032743453979492,2.132037374999527,10.38197370800026
31,83.09999999999982,-0.5462603569030762,0.03052610158920288,0.9935590071,-0.3385184906,1.6151820421218872,2.1272737320005035,10.39167092200023
32,83.19999999999982,-0.5152442455291748,0.031016111373901367,0.9954529373,-0.474722309,1.6282825469970703,2.133202963000258,10.375961603000178
33,83.29999999999981,-0.4839215576648712,0.03132268786430359,0.9915334369,-0.6028228021,1.6412547826766968,2.1443594250004026,10.381819111000368
34,83.3999999999998,-0.45239901542663574,0.031522542238235474,0.9842856266,-0.7207120455,1.655733585357666,2.158445584999754,10.401319339999645
35,83.4999999999998,-0.4207349419593811,0.03166407346725464,0.9704790456,-0.8290176622,1.66977059841156,2.1586307260004105,10.420739862000119
36,83.5999999999998,-0.38897234201431274,0.03176259994506836,0.954519324,-0.9241583315,1.6853678226470947,2.1352048970002215,10.368662967999626
37,83.69999999999979,-0.35713648796081543,0.031835854053497314,0.9367555073,-1.007729448,1.6986405849456787,2.1624040619999505,10.378096202000052
38,83.79999999999978,-0.32524996995925903,0.031886518001556396,0.9184399049,-1.076312115,1.7127996683120728,2.167224071000419,10.400839916000223
39,83.89999999999978,-0.293323278427124,0.03192669153213501,0.9010779255,-1.132489221,1.7226965427398682,2.1724456609999834,10.34646419299952
40,83.99999999999977,-0.2613693177700043,0.03195396065711975,0.886885748,-1.173667195,1.7331429719924927,2.2138508819998606,10.489143632000378
41,84.09999999999977,-0.22939670085906982,0.03197261691093445,0.8778325639,-1.200213445,1.742297887802124,2.135008139999627,10.33865576900007
42,84.19999999999976,-0.19741225242614746,0.03198444843292236,0.8730318851,-1.212860091,1.751181721687317,2.1781536440003038,10.353827267999804
43,84.29999999999976,-0.16542169451713562,0.03199055790901184,0.8744959481,-1.209624552,1.7605236768722534,2.2087590359997193,10.46026107599937
44,84.39999999999975,-0.133429154753685,0.03199253976345062,0.8803338315,-1.192389074,1.771154522895813,2.1552011359999597,10.406999675999941
45,84.49999999999974,-0.10143838822841644,0.031990766525268555,0.8915336761,-1.16084901,1.7838526964187622,2.158516669999699,10.389538057999744
46,84.59999999999974,-0.06945556402206421,0.031982824206352234,0.9074638139,-1.115699365,1.7969034910202026,2.147851929999888,10.336385718999736
47,84.69999999999973,-0.03748512268066406,0.031970441341400146,0.9255785092,-1.057872463,1.812161922454834,2.21059004000017,10.496853800000281
48,84.79999999999973,-0.005532450973987579,0.03195267170667648,0.9481167322,-0.9880369143,1.8290272951126099,2.1148160460006693,10.336857815000258
49,84.89999999999972,0.026396162807941437,0.031928613781929016,0.9702237937,-0.905439336,1.8475509881973267,2.1724550280005133,10.405045104000237
50,84.99999999999972,0.05829417333006859,0.03189801052212715,0.9929540138,-0.8119919949,1.8671425580978394,2.152791483999863,10.395697887000097
51,85.09999999999971,0.09015317261219025,0.03185899928212166,1.015506218,-0.7082787712,1.8851252794265747,2.157241496000097,10.340244862999498
52,85.1999999999997,0.1219654306769371,0.03181225806474686,1.036478699,-0.5949942265,1.9020025730133057,2.1978610059995844,10.47203959699982
53,85.2999999999997,0.15372541546821594,0.03175998479127884,1.056017578,-0.473509832,1.9177340269088745,2.149708052999813,10.339468203000251
54,85.3999999999997,0.1854335218667984,0.03170810639858246,1.072875988,-0.3442306478,1.9320862293243408,2.1879735869997603,10.498897274999763
55,85.49999999999969,0.2171127200126648,0.031679198145866394,1.086873971,-0.2105978931,1.9480862617492676,2.1164433499998268,10.270895608000501
56,85.59999999999968,0.24882321059703827,0.031710490584373474,1.097540656,-0.07239481631,1.957917332649231,2.213131475999944,10.392295113000728
57,85.69999999999968,0.2806232273578644,0.03180001676082611,1.105629222,0.06845417776,1.9680899381637573,2.2000911659997655,10.420591514999614
58,85.79999999999967,0.31260764598846436,0.031984418630599976,1.110471682,0.2084335075,1.977551817893982,2.1838188920000903,10.417677321000156
59,85.89999999999966,0.3450932204723358,0.03248557448387146,1.109667011,0.3480401053,1.9856972694396973,2.1709205460001613,10.344869995000408
60,85.99999999999966,0.37048378586769104,0.025390565395355225,1.10565165,0.483454687,1.988486886024475,2.207543847999659,10.447441563999746
61,86.09999999999965,0.36442723870277405,-0.006056547164916992,1.097615975,0.6153375466,1.9925932884216309,2.1638426039999104,10.396995262999553
62,86.19999999999965,0.3410262167453766,-0.02340102195739746,1.08595376,0.7426923186,1.9920663833618164,2.161962168000173,10.339476494999872
63,86.29999999999964,0.3130713999271393,-0.027954816818237305,1.069715338,0.8638819077,1.9854785203933716,2.2139442869993218,10.382540241999777
64,86.39999999999964,0.28349608182907104,-0.029575318098068237,1.049050766,0.978198752,1.9775644540786743,2.2194841769996856,10.464271547999488
65,86.49999999999963,0.25311341881752014,-0.030382663011550903,1.0238754,1.084236159,1.9640629291534424,2.17176746900077,10.363213587000246
66,86.59999999999962,0.2222781479358673,-0.030835270881652832,0.9966236623,1.180942335,1.9503309726715088,2.193454517000646,10.369303384999512
67,86.69999999999962,0.19115504622459412,-0.031123101711273193,0.9661060913,1.266739737,1.9359071254730225,2.2262621270001546,10.422662138000305
68,86.79999999999961,0.1598316729068756,-0.031323373317718506,0.9352685253,1.341696549,1.9182087182998657,2.1875967080004557,10.39037293399997
69,86.89999999999961,0.12836462259292603,-0.031467050313949585,0.9054910388,1.403867187,1.899779200553894,2.1967361819997677,10.415684393999982
70,86.9999999999996,0.0967918410897255,-0.03157278150320053,0.879408828,1.452972802,1.8798776865005493,2.1762769469996783,10.393997918999958
71,87.0999999999996,0.06514166295528412,-0.031650178134441376,0.8573804711,1.488232865,1.8608875274658203,2.1786423149997063,10.40362537999954
72,87.19999999999959,0.033430907875299454,-0.031710755079984665,0.8417279702,1.508165667,1.839824914932251,2.1716719119995105,10.389200333999725
73,87.29999999999959,0.001676991581916809,-0.031753916293382645,0.8333322024,1.514524215,1.820197582244873,2.1776877920001425,10.356359622000127
74,87.39999999999958,-0.030109260231256485,-0.031786251813173294,0.8312585025,1.505388902,1.8009337186813354,2.1975251370004116,10.428951591999976
75,87.49999999999957,-0.0619170144200325,-0.031807754188776016,0.8367341193,1.480145164,1.7827144861221313,2.1697067429995514,10.356461028000012
76,87.59999999999957,-0.0937366932630539,-0.03181967884302139,0.8499488097,1.442647594,1.7665611505508423,2.212934655999561,10.419029781999598
77,87.69999999999956,-0.1255592703819275,-0.031822577118873596,0.8661022221,1.38949714,1.7552117109298706,2.187755181999819,10.387299031999646
78,87.79999999999956,-0.1573777198791504,-0.0318184494972229,0.8884891816,1.323593599,1.74299955368042,2.1986909240004024,10.44149359900075
79,87.89999999999955,-0.1891823709011078,-0.0318046510219574,0.9129627416,1.245905087,1.735236406326294,2.1543604070002402,10.396962656999676
80,87.99999999999955,-0.22096768021583557,-0.03178530931472778,0.9400986134,1.156830796,1.7294222116470337,2.1534540060001746,10.37976486000025
81,88.09999999999954,-0.25272849202156067,-0.0317608118057251,0.9690049156,1.055994834,1.725785255432129,2.1690455469997687,10.389958019000005
82,88.19999999999953,-0.28446364402770996,-0.03173515200614929,0.9989063785,0.9464954346,1.7249244451522827,2.1795594039995194,10.409193447999314
83,88.29999999999953,-0.3161756098270416,-0.031711965799331665,1.026406531,0.8277765476,1.7261126041412354,2.166700284000399,10.447009747000266
84,88.39999999999952,-0.34788835048675537,-0.031712740659713745,1.052042816,0.7015409409,1.7277209758758545,2.1150783020002564,10.33690981899963
85,88.49999999999952,-0.3796500265598297,-0.03176167607307434,1.076126189,0.5688701959,1.7300679683685303,2.166034222000235,10.393294341
86,88.59999999999951,-0.41150057315826416,-0.03185054659843445,1.097778138,0.4317404663,1.7332756519317627,2.1657232659999863,10.405735413000002
87,88.6999999999995,-0.44351261854171753,-0.03201204538345337,1.116117563,0.2907749622,1.7364004850387573,2.16431098799967,10.413172748999386
88,88.7999999999995,-0.47586509585380554,-0.03235247731208801,1.130283644,0.1492357429,1.7420334815979004,2.1389677300003314,10.366377010000178
89,88.8999999999995,-0.5088297128677368,-0.032964617013931274,1.141148792,0.007710055248,1.7463645935058594,2.1764189989999068,10.411206271000083
90,88.99999999999949,-0.5194750428199768,-0.01064532995223999,1.148030659,-0.1320447919,1.753625750541687,2.153521307999654,10.317786099999466
91,89.09999999999948,-0.5009241104125977,0.01855093240737915,1.150266317,-0.2697359225,1.7582266330718994,2.2316666859996985,10.454653710000457
92,89.19999999999948,-0.4741910398006439,0.026733070611953735,1.147969506,-0.4041532492,1.762060284614563,2.1737285980007073,10.333410552000714
93,89.29999999999947,-0.4450167715549469,0.02917426824569702,1.140902132,-0.5328892763,1.7648042440414429,2.2268714900001214,10.442939116000161
94,89.39999999999947,-0.41478431224823,0.03023245930671692,1.128293313,-0.656373617,1.7666376829147339,2.181218302999696,10.386474924999675
95,89.49999999999946,-0.3840005397796631,0.030783772468566895,1.108172219,-0.7718291349,1.7703831195831299,2.1947468850003133,10.404072620000079
96,89.59999999999945,-0.3528631627559662,0.0311373770236969,1.085267641,-0.8776385666,1.769100308418274,2.18163905900019,10.3997007199996
97,89.69999999999945,-0.32150667905807495,0.031356483697891235,1.057022098,-0.9732770718,1.7704163789749146,2.1821621389999564,10.418987868999466
98,89.79999999999944,-0.2899966537952423,0.03151002526283264,1.025417861,-1.059053575,1.769499659538269,2.1577265759997317,10.349405932999616
99,89.89999999999944,-0.2583754062652588,0.03162124752998352,0.9931608448,-1.132953135,1.7670717239379883,2.199437542999476,10.399714146000406
100,89.99999999999943,-0.22667494416236877,0.031700462102890015,0.9618947524,-1.19445961,1.7636594772338867,2.185996201999842,10.414315699000326
