experiment_id,date_utc,name,hypothesis,status,code_commit,config_path,config_sha256,dataset,split,protocol,metric,value,unit,threshold,outcome,checkpoint_sha256,artifact,artifact_sha256,interpretation,next_action
FC-E001,2026-10-04,B5 immutable parent baseline,A static parent is sufficient for dynamic control prediction,COMPLETE,,conf/tandem_fno_full40_free_ar_h50.yaml,d2cb4512763f42b13e56a1b96cd2eaeba2fa3fa718e3e255f124df4238f545d4,dev30 train20,validation10,H100 autoregressive posteval,total_cd_nrmse,0.017954381153592654,ratio,,MEASURED,333a24517f74162031577bf9e37f86124bb63d05889db795ca6984b4f9c3ee2d,artifacts/b5_parent_full_baseline_worker_20261004/output/receipt.json,a4f27b61fb2d2547430d98fdccfb122cfd5be1a3da39f3311170cedcbb1b36e2,Validation metric only; does not establish controlled dynamics,Retain as immutable historical baseline
FC-E001,2026-10-04,B5 immutable parent baseline,A static parent is sufficient for dynamic control prediction,COMPLETE,,conf/tandem_fno_full40_free_ar_h50.yaml,d2cb4512763f42b13e56a1b96cd2eaeba2fa3fa718e3e255f124df4238f545d4,dev30 train20,dynamic6,H100 dynamic posteval,total_cd_nrmse,0.5678459296454665,ratio,<=0.1,FAIL,333a24517f74162031577bf9e37f86124bb63d05889db795ca6984b4f9c3ee2d,artifacts/b5_parent_full_baseline_worker_20261004/output/receipt.json,a4f27b61fb2d2547430d98fdccfb122cfd5be1a3da39f3311170cedcbb1b36e2,Dynamic action response is not credible,Use only as parent/baseline
FC-E001,2026-10-04,B5 immutable parent baseline,A static parent is sufficient for dynamic control prediction,COMPLETE,,conf/tandem_fno_full40_free_ar_h50.yaml,d2cb4512763f42b13e56a1b96cd2eaeba2fa3fa718e3e255f124df4238f545d4,dev30 train20,dynamic6,H100 dynamic posteval,action_delta_cd_mae,0.11461037397384644,coefficient,<=0.023,FAIL,333a24517f74162031577bf9e37f86124bb63d05889db795ca6984b4f9c3ee2d,artifacts/b5_parent_full_baseline_worker_20261004/output/receipt.json,a4f27b61fb2d2547430d98fdccfb122cfd5be1a3da39f3311170cedcbb1b36e2,Dynamic action effect fails the declared gate,Use only as parent/baseline
FC-E002,2026-10-04,Dynamic train8 H50,Adding train-only dynamic trajectories at H50 improves action response,COMPLETE,,conf/tandem_fno_dynamic_train8_h50.yaml,1375f8e36247c253c35e98f09cd71b9517ce2c8626fa7d07d679cabf328167f1,dev30 train20 + dynamic train8,validation10,H100 autoregressive posteval,total_cd_nrmse,0.01201635981392297,ratio,,MEASURED,7f60ed445286b64a17d8e273bd7ac2414446e5d40db734cc820de1e882a1bfdb,artifacts/tandem_fno_dynamic_train8_h50_spark_h50_e5_dynamic4_20261004/posteval_resume_v1/receipt.json,067a54bf6b38895e56cc3f2da36b773a34e43c034030addf353647f67ed84066,Distinct validation protocol; no cross-protocol ranking implied,Retain diagnostic evidence
FC-E002,2026-10-04,Dynamic train8 H50,Adding train-only dynamic trajectories at H50 improves action response,COMPLETE,,conf/tandem_fno_dynamic_train8_h50.yaml,1375f8e36247c253c35e98f09cd71b9517ce2c8626fa7d07d679cabf328167f1,dev30 train20 + dynamic train8,dynamic6,H100 dynamic posteval,total_cd_nrmse,0.03296174971193385,ratio,<=0.1,PASS,7f60ed445286b64a17d8e273bd7ac2414446e5d40db734cc820de1e882a1bfdb,artifacts/tandem_fno_dynamic_train8_h50_spark_h50_e5_dynamic4_20261004/posteval_resume_v1/receipt.json,067a54bf6b38895e56cc3f2da36b773a34e43c034030addf353647f67ed84066,Cd aggregate passes but full dynamic gate does not,Do not launch surrogate PPO
FC-E002,2026-10-04,Dynamic train8 H50,Adding train-only dynamic trajectories at H50 improves action response,COMPLETE,,conf/tandem_fno_dynamic_train8_h50.yaml,1375f8e36247c253c35e98f09cd71b9517ce2c8626fa7d07d679cabf328167f1,dev30 train20 + dynamic train8,dynamic6,H100 dynamic posteval,action_delta_cd_mae,0.030092239379882812,coefficient,<=0.023,FAIL,7f60ed445286b64a17d8e273bd7ac2414446e5d40db734cc820de1e882a1bfdb,artifacts/tandem_fno_dynamic_train8_h50_spark_h50_e5_dynamic4_20261004/posteval_resume_v1/receipt.json,067a54bf6b38895e56cc3f2da36b773a34e43c034030addf353647f67ed84066,Action response remains outside gate,Do not launch surrogate PPO
FC-E003,2026-10-04,Dynamic train8 H100,An H100 training regimen may improve long-rollout action response,COMPLETE,f99afdc5345fbd48926004be5620df8ce7b46217,conf/tandem_fno_dynamic_train8_h100.yaml,e9944f70cc2f5e0ec93d30d1b5b9119f0a358dfecd251314afe90b319cabf8ae,dev30 train20 + dynamic train8,validation10,H100 autoregressive posteval,total_cd_nrmse,0.009237006042366215,ratio,,MEASURED,ef95ff96582983680800710679258a6705eb2294fab6a43dfa38163a606ed0c8,artifacts/tandem_fno_dynamic_train8_h100_worker_h100_e5_2ep_r2_20261004/canonical_posteval_receipt.json,d3c0132de0996cbc1cd0e4dab55f55d53fd155ec6defe669973ebbd189f55d0b,Regimen differs from H50 in horizon and epoch count; no pure horizon effect is inferred,Retain as immutable parent
FC-E003,2026-10-04,Dynamic train8 H100,An H100 training regimen may improve long-rollout action response,COMPLETE,f99afdc5345fbd48926004be5620df8ce7b46217,conf/tandem_fno_dynamic_train8_h100.yaml,e9944f70cc2f5e0ec93d30d1b5b9119f0a358dfecd251314afe90b319cabf8ae,dev30 train20 + dynamic train8,validation10,H100 autoregressive posteval,action_delta_cd_mae,0.02325800061225891,coefficient,<=0.023,FAIL,ef95ff96582983680800710679258a6705eb2294fab6a43dfa38163a606ed0c8,artifacts/tandem_fno_dynamic_train8_h100_worker_h100_e5_2ep_r2_20261004/canonical_posteval_receipt.json,d3c0132de0996cbc1cd0e4dab55f55d53fd155ec6defe669973ebbd189f55d0b,Threshold is not relaxed for a small exceedance,Use as parent only
FC-E003,2026-10-04,Dynamic train8 H100,An H100 training regimen may improve long-rollout action response,COMPLETE,f99afdc5345fbd48926004be5620df8ce7b46217,conf/tandem_fno_dynamic_train8_h100.yaml,e9944f70cc2f5e0ec93d30d1b5b9119f0a358dfecd251314afe90b319cabf8ae,dev30 train20 + dynamic train8,dynamic6,H100 dynamic posteval,action_delta_cd_mae,0.0309067964553833,coefficient,<=0.023,FAIL,ef95ff96582983680800710679258a6705eb2294fab6a43dfa38163a606ed0c8,artifacts/tandem_fno_dynamic_train8_h100_worker_h100_e5_2ep_r2_20261004/canonical_posteval_receipt.json,d3c0132de0996cbc1cd0e4dab55f55d53fd155ec6defe669973ebbd189f55d0b,Dynamic gate fails,Add genuine train-only controlled data
FC-E004,2026-10-04,Control train16 Main,Reusing genuine direct-PPO train-only trajectories improves controlled response,DEVELOPMENT_FAIL,20d232c389e32c0c8a63fe409f1a0d96b899eeb5,conf/tandem_fno_control_train16_h100.yaml,1ea6e162f1cf4994f1dd628b1ee9b06bded99c382e346839697df3a74b7ccfbb,dev30 train20 + dynamic train8 + directppo train16,epoch-internal validation,H100 epoch2 selection,total_cd_nrmse,0.00909967273935201,ratio,,TRAINING_DIAGNOSTIC,8466bd47f2de188f5e741197832ec3bee1223f72f54d8956e584c586a2774240,artifacts/tandem_fno_control_train16_h100_20261004/source_receipt.json,,Epoch-internal metric is not formal post-evaluation,Use formal posteval for admission
FC-E004,2026-10-04,Control train16 Main,Reusing genuine direct-PPO train-only trajectories improves controlled response,DEVELOPMENT_FAIL,20d232c389e32c0c8a63fe409f1a0d96b899eeb5,conf/tandem_fno_control_train16_h100.yaml,1ea6e162f1cf4994f1dd628b1ee9b06bded99c382e346839697df3a74b7ccfbb,dev30 train20 + dynamic train8 + directppo train16,validation10,H100 formal posteval,action_delta_cd_mae,0.026499047875404358,coefficient,<=0.023,FAIL,8466bd47f2de188f5e741197832ec3bee1223f72f54d8956e584c586a2774240,artifacts/tandem_fno_control_train16_h100_20261004/posteval_complete_v2/receipt.json,60b50ffbbe9543eef3ae96c054e085788201ba4cb6f131227b0aea2d314beec8,Static action delta fails,Do not launch surrogate PPO
FC-E004,2026-10-04,Control train16 Main,Reusing genuine direct-PPO train-only trajectories improves controlled response,DEVELOPMENT_FAIL,20d232c389e32c0c8a63fe409f1a0d96b899eeb5,conf/tandem_fno_control_train16_h100.yaml,1ea6e162f1cf4994f1dd628b1ee9b06bded99c382e346839697df3a74b7ccfbb,dev30 train20 + dynamic train8 + directppo train16,dynamic6,H100 formal posteval,action_delta_cd_mae,0.013828516006469727,coefficient,<=0.023,PASS,8466bd47f2de188f5e741197832ec3bee1223f72f54d8956e584c586a2774240,artifacts/tandem_fno_control_train16_h100_20261004/posteval_complete_v2/receipt.json,60b50ffbbe9543eef3ae96c054e085788201ba4cb6f131227b0aea2d314beec8,Endpoint dynamic gate passes but window gate fails,Improve force-window mechanics
FC-E004,2026-10-04,Control train16 Main,Reusing genuine direct-PPO train-only trajectories improves controlled response,DEVELOPMENT_FAIL,20d232c389e32c0c8a63fe409f1a0d96b899eeb5,conf/tandem_fno_control_train16_h100.yaml,1ea6e162f1cf4994f1dd628b1ee9b06bded99c382e346839697df3a74b7ccfbb,dev30 train20 + dynamic train8 + directppo train16,force-window6,H100 6.15D/U window,mean_action_delta_error,0.04254684477083159,coefficient,,FAIL,8466bd47f2de188f5e741197832ec3bee1223f72f54d8956e584c586a2774240,artifacts/tandem_fno_control_train16_h100_20261004/posteval_complete_v2/force_window/result.json,,Rear Cl-prime action-window errors are about 0.17-0.21 and dominate failure,Use matched-pair statistic training experiment
FC-E005,2026-10-04,Control train16 lift-balanced,Increasing rear-lift channel weight improves force-window fidelity,DEVELOPMENT_FAIL,0bc1f3de5d3bdd74babdccc81082665c4f968670,conf/tandem_fno_control_train16_h100_lift_balanced.yaml,5d93a5acadd532bb5828746660dc09f3a8b7d91111083724aa2ebc04d0904239,dev30 train20 + dynamic train8 + directppo train16,epoch-internal validation,H100 epoch2 selection,total_cd_nrmse,0.008147429583896708,ratio,,TRAINING_DIAGNOSTIC,c8bc53227e8e867533a16fb72e0fa62020dc38ea601b51b65456ed8b16ce3a6e,artifacts/tandem_fno_control_train16_h100_lift_balanced_worker_20261004/source_receipt.json,,Epoch-internal metric is not formal post-evaluation,Use formal posteval for admission
FC-E005,2026-10-04,Control train16 lift-balanced,Increasing rear-lift channel weight improves force-window fidelity,DEVELOPMENT_FAIL,0bc1f3de5d3bdd74babdccc81082665c4f968670,conf/tandem_fno_control_train16_h100_lift_balanced.yaml,5d93a5acadd532bb5828746660dc09f3a8b7d91111083724aa2ebc04d0904239,dev30 train20 + dynamic train8 + directppo train16,validation10,H100 formal posteval,action_delta_cd_mae,0.02412228286266327,coefficient,<=0.023,FAIL,c8bc53227e8e867533a16fb72e0fa62020dc38ea601b51b65456ed8b16ce3a6e,artifacts/tandem_fno_control_train16_h100_lift_balanced_worker_20261004/posteval_worker_v1/receipt.json,64773a843e602fd7e2db872d7c8b14859a2a4f77836f7b190d0d5d1bbdcb9d3a,Static action delta fails,Do not launch surrogate PPO
FC-E005,2026-10-04,Control train16 lift-balanced,Increasing rear-lift channel weight improves force-window fidelity,DEVELOPMENT_FAIL,0bc1f3de5d3bdd74babdccc81082665c4f968670,conf/tandem_fno_control_train16_h100_lift_balanced.yaml,5d93a5acadd532bb5828746660dc09f3a8b7d91111083724aa2ebc04d0904239,dev30 train20 + dynamic train8 + directppo train16,dynamic6,H100 formal posteval,action_delta_cd_mae,0.015229463577270508,coefficient,<=0.023,PASS,c8bc53227e8e867533a16fb72e0fa62020dc38ea601b51b65456ed8b16ce3a6e,artifacts/tandem_fno_control_train16_h100_lift_balanced_worker_20261004/posteval_worker_v1/receipt.json,64773a843e602fd7e2db872d7c8b14859a2a4f77836f7b190d0d5d1bbdcb9d3a,Endpoint dynamic gate passes but window gate fails,Improve force-window mechanics
FC-E005,2026-10-04,Control train16 lift-balanced,Increasing rear-lift channel weight improves force-window fidelity,DEVELOPMENT_FAIL,0bc1f3de5d3bdd74babdccc81082665c4f968670,conf/tandem_fno_control_train16_h100_lift_balanced.yaml,5d93a5acadd532bb5828746660dc09f3a8b7d91111083724aa2ebc04d0904239,dev30 train20 + dynamic train8 + directppo train16,force-window6,H100 6.15D/U window,mean_action_delta_error,0.05122430165929204,coefficient,,FAIL,c8bc53227e8e867533a16fb72e0fa62020dc38ea601b51b65456ed8b16ce3a6e,artifacts/tandem_fno_control_train16_h100_lift_balanced_worker_20261004/posteval_worker_v1/force_window/result.json,,Rear Cl-prime action-window errors are about 0.18-0.20 and remain dominant,Use matched-pair statistic training experiment
FC-E006,2026-10-04,Paired-stat lambda0 control,Loss-off with the same parent sampler and batch provides the within-experiment control for lambda10,TRAINING_COMPLETE,b6aada926942161da4430d52664c92db1a2269c7,conf/tandem_fno_paired_stats_h100.yaml,cec8941fbe47ef1830b99e38fb2f2ca16b41dcd9405d58248763c66ece55fd55,dev30 + train8 + train16 + train20 matched pairs,epoch-internal validation,H100 epoch2 selection,total_cd_nrmse,0.007446259782392761,ratio,,TRAINING_DIAGNOSTIC,3a222827c9f0b3d39d72cec035c20c7d35411ecfc119415109c9528ea7876de7,artifacts/tandem_fno_paired_stats_lambda0_20261004/completion_receipt.json,1087020dbf27adf8ae5f32ceaa815921e81a145bb1ee93fd7533cdebd23a5df6,Training completed; formal quality is unknown,Run unchanged formal posteval
FC-E006,2026-10-04,Paired-stat lambda0 control,Loss-off with the same parent sampler and batch provides the within-experiment control for lambda10,NOT_EVALUATED,b6aada926942161da4430d52664c92db1a2269c7,conf/tandem_fno_paired_stats_h100.yaml,cec8941fbe47ef1830b99e38fb2f2ca16b41dcd9405d58248763c66ece55fd55,dev30 + train8 + train16 + train20 matched pairs,validation10 + dynamic6 + force-window6,H100 formal posteval,development_admission,,,unchanged existing gates,NOT_EVALUATED,3a222827c9f0b3d39d72cec035c20c7d35411ecfc119415109c9528ea7876de7,artifacts/tandem_fno_paired_stats_lambda0_20261004,,No active posteval unit or result was found at 2026-10-04T13:40Z,Schedule paired formal posteval without changing gates
FC-E007,2026-10-04,Paired-stat lambda10 treatment,Explicit train-only matched-pair statistic loss improves window force mechanics,TRAINING_COMPLETE,b6aada926942161da4430d52664c92db1a2269c7,conf/tandem_fno_paired_stats_h100.yaml,cec8941fbe47ef1830b99e38fb2f2ca16b41dcd9405d58248763c66ece55fd55,dev30 + train8 + train16 + train20 matched pairs,epoch-internal validation,H100 epoch2 selection,total_cd_nrmse,0.00792079160582734,ratio,,TRAINING_DIAGNOSTIC,b7bd654933c31ca9066cb9c37f2f9071c56b75f09e495c224b996acb1079dc55,artifacts/tandem_fno_paired_stats_lambda10_20261004/completion_receipt.json,5ceb8d689e7e9c247f86cc73b66732b382314dca0aaadf0a132d3b451ae940c1,Training completed; formal quality and lambda effect are unknown,Run unchanged formal posteval
FC-E007,2026-10-04,Paired-stat lambda10 treatment,Explicit train-only matched-pair statistic loss improves window force mechanics,NOT_EVALUATED,b6aada926942161da4430d52664c92db1a2269c7,conf/tandem_fno_paired_stats_h100.yaml,cec8941fbe47ef1830b99e38fb2f2ca16b41dcd9405d58248763c66ece55fd55,dev30 + train8 + train16 + train20 matched pairs,validation10 + dynamic6 + force-window6,H100 formal posteval,development_admission,,,unchanged existing gates,NOT_EVALUATED,b7bd654933c31ca9066cb9c37f2f9071c56b75f09e495c224b996acb1079dc55,artifacts/tandem_fno_paired_stats_lambda10_20261004,,No active posteval unit or result was found at 2026-10-04T13:40Z,Schedule paired formal posteval without changing gates
FC-E008,2026-10-04,Direct real-CFD PPO training,SB3 PPO with official HydroGym interfaces and the project OpenFOAM adapter can form a genuine online CFD loop,TRAINING_COMPLETE,,scripts/train_direct_cfd_ppo.py,,real OpenFOAM b00+b02,train-only,2048 transitions; 2 env; 128-step episodes,ppo_rollout_update_rounds,8,count,,TRAINING_DIAGNOSTIC,99065e2e524ceda2221d5905e31db78cbfcdb0b82fc0bcb82b03ad0fefa96204,artifacts/direct_cfd/directppo2048_v1/training/result.json,5a8d552b236d0d664c2c8f132409e8f7dd779069158be43c76b4c0f9f1c63fb4,Each round contains multiple minibatch optimizer steps; genuine CFD-only RL closure with no FNO contribution implied,Freeze final2048 policy and evaluate paired CFD
FC-E008,2026-10-04,Direct real-CFD PPO training,SB3 PPO with official HydroGym interfaces and the project OpenFOAM adapter can form a genuine online CFD loop,TRAINING_COMPLETE,,scripts/train_direct_cfd_ppo.py,,real OpenFOAM b00+b02,train-only,2048 transitions; 2 env; 128-step episodes,raw_reward_mean,-0.5208164654243357,reward,,TRAINING_DIAGNOSTIC,99065e2e524ceda2221d5905e31db78cbfcdb0b82fc0bcb82b03ad0fefa96204,artifacts/direct_cfd/directppo2048_v1/training/result.json,5a8d552b236d0d664c2c8f132409e8f7dd779069158be43c76b4c0f9f1c63fb4,Short-window reward is not the final physical gate,Use paired 80D CFD only for physical claims
FC-E009,2026-10-04,Direct CFD PPO b00 paired evaluation,Frozen final2048 policy improves physical metrics against same-start zero control,PHYSICAL_PASS,,scripts/run_direct_cfd_ppo_evaluation.py,,real OpenFOAM b00,train phase; same-start paired,80D rollout; final 60D window,total_drag_reduction,0.04221212048547751,fraction,>=0.02,PASS,99065e2e524ceda2221d5905e31db78cbfcdb0b82fc0bcb82b03ad0fefa96204,artifacts/direct_cfd/directppo2048_b00_eval80_v1/audit_receipt.json,cdc9c47032659d2fc8a2148303de2b1c12466bef82d3507efd4a0bc287ff7346,Training-phase physical verification; not surrogate-PPO evidence,Retain as validated CFD-only baseline
FC-E009,2026-10-04,Direct CFD PPO b00 paired evaluation,Frozen final2048 policy improves physical metrics against same-start zero control,PHYSICAL_PASS,,scripts/run_direct_cfd_ppo_evaluation.py,,real OpenFOAM b00,train phase; same-start paired,80D rollout; final 60D window,rear_cl_fluctuation_rms_ratio,0.9356450006415282,ratio,<=1.05,PASS,99065e2e524ceda2221d5905e31db78cbfcdb0b82fc0bcb82b03ad0fefa96204,artifacts/direct_cfd/directppo2048_b00_eval80_v1/audit_receipt.json,cdc9c47032659d2fc8a2148303de2b1c12466bef82d3507efd4a0bc287ff7346,Joint physical condition passes,Retain as validated CFD-only baseline
FC-E009,2026-10-04,Direct CFD PPO b00 paired evaluation,Frozen final2048 policy improves physical metrics against same-start zero control,PHYSICAL_PASS,,scripts/run_direct_cfd_ppo_evaluation.py,,real OpenFOAM b00,train phase; same-start paired,80D rollout; final 60D window,abs_rear_cl_mean_over_zero_rms,0.019928456869948197,ratio,<=0.10,PASS,99065e2e524ceda2221d5905e31db78cbfcdb0b82fc0bcb82b03ad0fefa96204,artifacts/direct_cfd/directppo2048_b00_eval80_v1/audit_receipt.json,cdc9c47032659d2fc8a2148303de2b1c12466bef82d3507efd4a0bc287ff7346,Joint physical condition passes,Retain as validated CFD-only baseline
FC-E010,2026-10-04,Direct CFD PPO b01 paired evaluation,Frozen final2048 policy transfers to an unused start time without parameter updates,PHYSICAL_PASS,,scripts/run_direct_cfd_ppo_evaluation.py,,real OpenFOAM b01,validation time; same-start paired,80D rollout; final 60D window,total_drag_reduction,0.04250159308826673,fraction,>=0.02,PASS,99065e2e524ceda2221d5905e31db78cbfcdb0b82fc0bcb82b03ad0fefa96204,artifacts/direct_cfd/directppo2048_b01_eval80_v1/audit_receipt.json,a3de3d7203ad565cb4a13febe3a84180de042f348f52300d8bb1a55fffe4f31c,Unused start time but not statistically independent physical generalization,Add genuinely separated starts before broader claims
FC-E010,2026-10-04,Direct CFD PPO b01 paired evaluation,Frozen final2048 policy transfers to an unused start time without parameter updates,PHYSICAL_PASS,,scripts/run_direct_cfd_ppo_evaluation.py,,real OpenFOAM b01,validation time; same-start paired,80D rollout; final 60D window,rear_cl_fluctuation_rms_ratio,0.9359737187979544,ratio,<=1.05,PASS,99065e2e524ceda2221d5905e31db78cbfcdb0b82fc0bcb82b03ad0fefa96204,artifacts/direct_cfd/directppo2048_b01_eval80_v1/audit_receipt.json,a3de3d7203ad565cb4a13febe3a84180de042f348f52300d8bb1a55fffe4f31c,Joint physical condition passes at this start,Add genuinely separated starts before broader claims
FC-E010,2026-10-04,Direct CFD PPO b01 paired evaluation,Frozen final2048 policy transfers to an unused start time without parameter updates,PHYSICAL_PASS,,scripts/run_direct_cfd_ppo_evaluation.py,,real OpenFOAM b01,validation time; same-start paired,80D rollout; final 60D window,abs_rear_cl_mean_over_zero_rms,0.03866683099393257,ratio,<=0.10,PASS,99065e2e524ceda2221d5905e31db78cbfcdb0b82fc0bcb82b03ad0fefa96204,artifacts/direct_cfd/directppo2048_b01_eval80_v1/audit_receipt.json,a3de3d7203ad565cb4a13febe3a84180de042f348f52300d8bb1a55fffe4f31c,Joint physical condition passes at this start,Add genuinely separated starts before broader claims
