step,omega,delta_omega,rear_cd,rear_cl,objective,cl_cost,cd_cost,action_cost,rate_cost,optimization_seconds
1,0.03216300532221794,0.03216300532221794,1.0473922491073608,0.8315943479537964,1.9623312950134277,0.9521664381027222,0.998285174369812,0.036382224410772324,0.33535075187683105,2.5381787659998736
2,0.060990914702415466,0.028827909380197525,1.0216267108917236,0.9614887237548828,1.9540530443191528,0.9623643755912781,0.9801285266876221,0.0601959154009819,0.28500792384147644,2.1394379419998586
3,0.05921080335974693,-0.0017801113426685333,0.9910778403282166,1.0802748203277588,1.945618748664856,0.9785476326942444,0.9514305591583252,0.12379000335931778,0.3150392174720764,2.125288303999696
4,0.03622007369995117,-0.02299072965979576,0.9573188424110413,1.1902053356170654,1.9322082996368408,0.9701557755470276,0.9418176412582397,0.17285609245300293,0.38640081882476807,2.1131706789997224
5,0.008193112909793854,-0.028026960790157318,0.9210042953491211,1.2902660369873047,1.9145317077636719,0.9515442252159119,0.9402250647544861,0.20649290084838867,0.414595365524292,2.118946103000326
6,-0.021512862294912338,-0.029705975204706192,0.8832327127456665,1.3783965110778809,1.894687294960022,0.9288073182106018,0.9411832690238953,0.23741735517978668,0.42752641439437866,2.1227520349998485
7,-0.051997892558574677,-0.030485030263662338,0.8457192182540894,1.4538439512252808,1.8733603954315186,0.9030805230140686,0.9439302086830139,0.2675439119338989,0.4324151277542114,2.1384623399999327
8,-0.08291686326265335,-0.030918970704078674,0.8102632761001587,1.5159505605697632,1.850797176361084,0.8754693865776062,0.9481011033058167,0.29028627276420593,0.4237439036369324,2.126415791999989
9,-0.11413630843162537,-0.031219445168972015,0.7784314155578613,1.5643693208694458,1.827465534210205,0.8460850119590759,0.9535573720932007,0.31156453490257263,0.4081662595272064,2.11880168100015
10,-0.14551758766174316,-0.0313812792301178,0.7515456080436707,1.598768949508667,1.803955078125,0.8153313994407654,0.9603171348571777,0.3315242826938629,0.3910093307495117,2.1234656990000076
11,-0.1770452857017517,-0.031527698040008545,0.7305136322975159,1.6189666986465454,1.7804222106933594,0.7833623886108398,0.9682368636131287,0.35133248567581177,0.3752085566520691,2.1345063960002335
12,-0.2086595892906189,-0.03161430358886719,0.7159721851348877,1.624878168106079,1.7571994066238403,0.7506043314933777,0.9773404598236084,0.37028220295906067,0.35801488161087036,2.1366887639997003
13,-0.24034366011619568,-0.03168407082557678,0.708164393901825,1.6164244413375854,1.7344499826431274,0.7172544002532959,0.9875795245170593,0.3886377215385437,0.3394724726676941,2.1243824650000533
14,-0.27205270528793335,-0.03170904517173767,0.7070395350456238,1.5936387777328491,1.7124892473220825,0.6836715936660767,0.9989479780197144,0.40611666440963745,0.3187950551509857,2.1188223910003217
15,-0.3038080036640167,-0.031755298376083374,0.712151288986206,1.5565581321716309,1.6914708614349365,0.6499230861663818,1.0114303827285767,0.423285573720932,0.29843536019325256,2.114931740999964
16,-0.335582435131073,-0.031774431467056274,0.7227981686592102,1.5053772926330566,1.6718298196792603,0.6164916157722473,1.0250211954116821,0.43959370255470276,0.27790915966033936,2.1174238669996157
17,-0.36736440658569336,-0.03178197145462036,0.7380763292312622,1.4402506351470947,1.6538552045822144,0.5836690664291382,1.0397040843963623,0.4551883637905121,0.25742244720458984,2.129853219999859
18,-0.3991047441959381,-0.03174033761024475,0.7569409608840942,1.361555814743042,1.6379799842834473,0.5520967245101929,1.0553375482559204,0.4681055247783661,0.23801502585411072,2.120325376999972
19,-0.4308229386806488,-0.03171819448471069,0.7782474756240845,1.2698910236358643,1.6243332624435425,0.5224290490150452,1.071445107460022,0.4738823175430298,0.22549739480018616,2.1220995809999295
20,-0.46249693632125854,-0.03167399764060974,0.801041305065155,1.165765404701233,1.6130239963531494,0.4968295097351074,1.0862938165664673,0.4606081247329712,0.2290085256099701,2.120398398999896
21,-0.4941808581352234,-0.031683921813964844,0.8244279026985168,1.050270676612854,1.604659914970398,0.4756552577018738,1.0996887683868408,0.4357641935348511,0.250920832157135,2.111586831000295
22,-0.5259073972702026,-0.03172653913497925,0.8477717638015747,0.9245030879974365,1.5993614196777344,0.46050530672073364,1.1102606058120728,0.3969930410385132,0.2915247082710266,2.1156911960001707
23,-0.5577235221862793,-0.03181612491607666,0.8706421852111816,0.7898787260055542,1.597294569015503,0.44995400309562683,1.119642972946167,0.3587571382522583,0.3253217339515686,2.126891354000236
24,-0.589678943157196,-0.03195542097091675,0.8926470279693604,0.6481996774673462,1.5984580516815186,0.44384199380874634,1.127883791923523,0.32140353322029114,0.35540080070495605,2.129741124999782
25,-0.6219119429588318,-0.03223299980163574,0.9135333895683289,0.5012679100036621,1.6026520729064941,0.44138243794441223,1.135538101196289,0.286700040102005,0.3798860013484955,2.1155230389999815
26,-0.6549049615859985,-0.03299301862716675,0.9328714609146118,0.35119545459747314,1.6095187664031982,0.4527226388454437,1.1343762874603271,0.23024684190750122,0.36357900500297546,2.115712424999856
27,-0.6686756014823914,-0.013770639896392822,0.9508031606674194,0.20021939277648926,1.6201460361480713,0.47834691405296326,1.123407244682312,0.16060486435890198,0.3453838527202606,2.1158652829999482
28,-0.6508891582489014,0.01778644323348999,0.967525839805603,0.04866462200880051,1.632053256034851,0.4956822395324707,1.1178927421569824,0.1198568046092987,0.4161785840988159,2.149574228000347
29,-0.6237317323684692,0.02715742588043213,0.9817547798156738,-0.10270242393016815,1.6427782773971558,0.5016793012619019,1.1223220825195312,0.10242782533168793,0.4551832377910614,2.1364502399997036
30,-0.5941091179847717,0.02962261438369751,0.9921608567237854,-0.24999356269836426,1.6542930603027344,0.5076282024383545,1.1279085874557495,0.08985045552253723,0.47545772790908813,2.114641227999982
31,-0.5634947419166565,0.030614376068115234,0.9982191324234009,-0.39071255922317505,1.6669713258743286,0.5148358345031738,1.1334656476974487,0.08018464595079422,0.48868757486343384,2.115642249999837
32,-0.53236985206604,0.031124889850616455,0.9997378587722778,-0.5231094360351562,1.6808083057403564,0.5234747529029846,1.1387473344802856,0.07295165210962296,0.4979513883590698,2.119184741999561
33,-0.5009421706199646,0.03142768144607544,0.9967581629753113,-0.6459078788757324,1.6957528591156006,0.5335399508476257,1.1436817646026611,0.06793954968452454,0.5044693350791931,2.122067159999915
34,-0.4693186283111572,0.03162354230880737,0.989691436290741,-0.758367657661438,1.7116904258728027,0.5449157357215881,1.1482570171356201,0.06502789258956909,0.5088769197463989,2.1286611570003515
35,-0.43756088614463806,0.031757742166519165,0.9791579842567444,-0.8599740266799927,1.728518009185791,0.5574647188186646,1.1524991989135742,0.06413871049880981,0.5115690231323242,2.135024023999904
36,-0.4057077467441559,0.03185313940048218,0.9661226868629456,-0.9503316879272461,1.7460976839065552,0.5710132718086243,1.1564397811889648,0.06521628797054291,0.5127941966056824,2.127407564999885
37,-0.37378519773483276,0.03192254900932312,0.951839029788971,-1.028986930847168,1.7643014192581177,0.5853858590126038,1.1601234674453735,0.06821464002132416,0.512709379196167,2.1230077499999425
38,-0.34181177616119385,0.031973421573638916,0.9376329183578491,-1.0953221321105957,1.782979130744934,0.6003748774528503,1.1636101007461548,0.07313503324985504,0.5112494826316833,2.12448673300014
39,-0.3098011910915375,0.03201058506965637,0.9249763488769531,-1.1485449075698853,1.8020156621932983,0.6157950162887573,1.1669665575027466,0.0798085629940033,0.5087902545928955,2.1186873479996393
40,-0.27776411175727844,0.03203707933425903,0.9150752425193787,-1.1879428625106812,1.8213274478912354,0.6314851641654968,1.1702767610549927,0.08821218460798264,0.5051636695861816,2.1114452229999188
41,-0.24570909142494202,0.032055020332336426,0.9090976715087891,-1.2127034664154053,1.8408442735671997,0.6472781896591187,1.1736440658569336,0.09826266765594482,0.5002983808517456,2.127564040999914
42,-0.21364304423332214,0.03206604719161987,0.9077974557876587,-1.222365379333496,1.860534906387329,0.6630465388298035,1.177173376083374,0.10985130071640015,0.49408018589019775,2.121138095999868
43,-0.18157173693180084,0.0320713073015213,0.9117349982261658,-1.2165919542312622,1.8804028034210205,0.6786701679229736,1.180999517440796,0.12281914055347443,0.4864051342010498,2.1219658770000933
44,-0.14950019121170044,0.0320715457201004,0.9210094213485718,-1.1954370737075806,1.9004273414611816,0.6940266489982605,1.1852387189865112,0.13693279027938843,0.47717994451522827,2.123969513999782
45,-0.11743301153182983,0.032067179679870605,0.9354400634765625,-1.1592280864715576,1.920547604560852,0.7089415788650513,1.1900254487991333,0.15186087787151337,0.4662519097328186,2.1384806770001887
46,-0.08537475019693375,0.03205826133489609,0.9543265700340271,-1.1086653470993042,1.9406877756118774,0.7232382297515869,1.1954905986785889,0.16714361310005188,0.4533936381340027,2.147617603999606
47,-0.053330156952142715,0.03204459324479103,0.9767492413520813,-1.0448296070098877,1.9606752395629883,0.7366653084754944,1.2017470598220825,0.1822606325149536,0.43832603096961975,2.121717134999926
48,-0.021304409950971603,0.03202574700117111,1.0015592575073242,-0.9689242839813232,1.980329155921936,0.7490004897117615,1.2088814973831177,0.19659022986888885,0.42059099674224854,2.1246579379999275
49,0.010696623474359512,0.032001033425331116,1.0276010036468506,-0.8821756839752197,1.9994231462478638,0.7600759267807007,1.2168880701065063,0.20908181369304657,0.4001702070236206,2.1429879689999325
50,0.04266609996557236,0.031969476491212845,1.0538296699523926,-0.7857078313827515,2.0176780223846436,0.769815981388092,1.2256238460540771,0.21813614666461945,0.3777197301387787,2.1178781019998496
51,0.07459670305252075,0.031930603086948395,1.0792818069458008,-0.6803379058837891,2.034883737564087,0.7783493399620056,1.2348023653030396,0.22213830053806305,0.3541671931743622,2.1134547360002216
52,0.10648057609796524,0.03188387304544449,1.1031838655471802,-0.5665912628173828,2.050840139389038,0.7860623002052307,1.2438805103302002,0.2193465679883957,0.3310052454471588,2.1088901570001326
53,0.13831086456775665,0.03183028846979141,1.1248457431793213,-0.4449387490749359,2.0654821395874023,0.79366135597229,1.252074956893921,0.20833206176757812,0.3109806776046753,2.1190474200002427
54,0.170085147023201,0.031774282455444336,1.143632173538208,-0.31579145789146423,2.0787670612335205,0.8019987940788269,1.2583619356155396,0.188517227768898,0.2993515133857727,2.1232448900000236
55,0.20182055234909058,0.03173540532588959,1.1590068340301514,-0.17994138598442078,2.090785264968872,0.8114808797836304,1.2623614072799683,0.16401727497577667,0.2914048731327057,2.119157422000171
56,0.23356670141220093,0.03174614906311035,1.1705455780029297,-0.038590967655181885,2.1017119884490967,0.8238140344619751,1.2617689371109009,0.13227994740009308,0.31716635823249817,2.122239267000168
57,0.2653990089893341,0.03183230757713318,1.1779619455337524,0.1064067855477333,2.1114394664764404,0.8368056416511536,1.2592723369598389,0.10587203502655029,0.3355952501296997,2.126079574999949
58,0.2973935604095459,0.03199455142021179,1.1811590194702148,0.2527584135532379,2.119859218597412,0.8497470617294312,1.2553564310073853,0.08523395657539368,0.34979599714279175,2.1180395070000486
59,0.3298647999763489,0.03247123956680298,1.1802321672439575,0.3978869318962097,2.1268022060394287,0.8608217239379883,1.2514535188674927,0.07099594920873642,0.3659067451953888,2.110513904000072
60,0.3572833240032196,0.027418524026870728,1.1753953695297241,0.5392605066299438,2.1324574947357178,0.8883902430534363,1.2319881916046143,0.05098826438188553,0.317653089761734,2.1140594239996062
61,0.3510150909423828,-0.006268233060836792,1.1671428680419922,0.6752175092697144,2.137902021408081,0.9182029962539673,1.2062331438064575,0.05045237019658089,0.36477211117744446,2.1151071029999002
62,0.32629141211509705,-0.024723678827285767,1.156333327293396,0.8069726228713989,2.13771915435791,0.9202266931533813,1.2016392946243286,0.0608971081674099,0.42694637179374695,2.113560022999991
63,0.29751214385032654,-0.028779268264770508,1.1418075561523438,0.9319592714309692,2.133810043334961,0.9134373068809509,1.2032148838043213,0.07118471711874008,0.4532783627510071,2.1249698709998484
64,0.26735353469848633,-0.03015860915184021,1.1229441165924072,1.04782235622406,2.1275815963745117,0.9030458331108093,1.2063685655593872,0.08260109275579453,0.4679025709629059,2.1659571110003526
65,0.2365444302558899,-0.030809104442596436,1.100032925605774,1.1535152196884155,2.119455337524414,0.8899406790733337,1.2104347944259644,0.0954585149884224,0.47690337896347046,2.125970753999809
66,0.20536863803863525,-0.03117579221725464,1.0738579034805298,1.2484285831451416,2.109639883041382,0.8744493126869202,1.2152280807495117,0.10985127091407776,0.482338547706604,2.118155574999946
67,0.17396286129951477,-0.03140577673912048,1.045594573020935,1.3319863080978394,2.0983455181121826,0.8567810654640198,1.2207205295562744,0.1258002370595932,0.48513102531433105,2.1134834009999395
68,0.14240247011184692,-0.03156039118766785,1.0167725086212158,1.4036433696746826,2.085787773132324,0.8371522426605225,1.2268983125686646,0.1432861089706421,0.4857589304447174,2.119422783000118
69,0.11073337495326996,-0.031669095158576965,0.9890128374099731,1.4628753662109375,2.0722153186798096,0.8157591819763184,1.2338097095489502,0.16225089132785797,0.4844651222229004,2.1260676879996936
70,0.07898539304733276,-0.031747981905937195,0.9640323519706726,1.509218692779541,2.057908773422241,0.7928683161735535,1.2414696216583252,0.18259982764720917,0.48136135935783386,2.122840890000134
71,0.047179318964481354,-0.03180607408285141,0.9433223009109497,1.5421315431594849,2.043182373046875,0.7687660455703735,1.2499138116836548,0.20418231189250946,0.4764455556869507,2.1199129130000074
72,0.015330396592617035,-0.03184892237186432,0.9281972050666809,1.5611261129379272,2.028352975845337,0.7437498569488525,1.2591744661331177,0.2267814576625824,0.4696420729160309,2.1213614329999473
73,-0.0165494903922081,-0.031879886984825134,0.9196947813034058,1.5657957792282104,2.013728618621826,0.7181313037872314,1.2692683935165405,0.2500854730606079,0.46082040667533875,2.121158121999997
74,-0.04845132678747177,-0.03190183639526367,0.9184849262237549,1.555648684501648,1.9995687007904053,0.6923119425773621,1.2801859378814697,0.2729818522930145,0.4473896920681,2.1308358449996376
75,-0.08036741614341736,-0.03191608935594559,0.9248303771018982,1.5304043292999268,1.986177921295166,0.6667788624763489,1.291803002357483,0.29333534836769104,0.43097373843193054,2.116314348999822
76,-0.11228921264410019,-0.03192179650068283,0.9385005235671997,1.4899989366531372,1.9738470315933228,0.641700804233551,1.3041900396347046,0.3126845061779022,0.41072967648506165,2.117209487999844
77,-0.14421813189983368,-0.03192891925573349,0.9588727951049805,1.4344213008880615,1.9628599882125854,0.6171361804008484,1.3174102306365967,0.3318948745727539,0.39062416553497314,2.110749446000227
78,-0.1761370748281479,-0.03191894292831421,0.9847942590713501,1.3640257120132446,1.9535876512527466,0.5936003923416138,1.3314062356948853,0.3494451642036438,0.37029191851615906,2.1203471799999534
79,-0.20803475379943848,-0.03189767897129059,1.014864206314087,1.2793291807174683,1.9462586641311646,0.5716469883918762,1.3458844423294067,0.36181560158729553,0.354549765586853,2.1497507629997017
80,-0.2399081289768219,-0.03187337517738342,1.04753577709198,1.181235909461975,1.9409624338150024,0.5518093109130859,1.3605382442474365,0.36792317032814026,0.3406238555908203,2.1131060000002435
81,-0.27175599336624146,-0.031847864389419556,1.0812400579452515,1.0708303451538086,1.9377737045288086,0.5352131128311157,1.3745278120040894,0.36370301246643066,0.328254759311676,2.1148361229998045
82,-0.30357810854911804,-0.03182211518287659,1.1146507263183594,0.9494339227676392,1.9368053674697876,0.5224984884262085,1.3873047828674316,0.34932687878608704,0.3178599178791046,2.111693285000001
83,-0.33538034558296204,-0.031802237033843994,1.1465150117874146,0.818648099899292,1.9381656646728516,0.5137161612510681,1.3987147808074951,0.3279247581958771,0.31128087639808655,2.1185880540001563
84,-0.36719056963920593,-0.031810224056243896,1.1760705709457397,0.6802500486373901,1.941819429397583,0.5103227496147156,1.4068880081176758,0.2937736213207245,0.3306613564491272,2.1168212829998083
85,-0.39904338121414185,-0.03185281157493591,1.2026872634887695,0.5361448526382446,1.9476155042648315,0.5118418335914612,1.4122573137283325,0.25579553842544556,0.35755252838134766,2.118996303000131
86,-0.43099409341812134,-0.03195071220397949,1.225876808166504,0.3883805274963379,1.9551994800567627,0.5172948241233826,1.4157418012619019,0.2198827564716339,0.3722892999649048,2.1164383420000377
87,-0.46310168504714966,-0.03210759162902832,1.2453372478485107,0.239029660820961,1.9643112421035767,0.5246845483779907,1.4186961650848389,0.18910597264766693,0.3825054466724396,2.110051800000292
88,-0.4955640435218811,-0.032462358474731445,1.2607910633087158,0.09003889560699463,1.9744601249694824,0.5344054102897644,1.4201327562332153,0.16053034365177155,0.3965168297290802,2.1318728549999832
89,-0.5285704731941223,-0.03300642967224121,1.2719855308532715,-0.05661008507013321,1.9857227802276611,0.5599312782287598,1.4090241193771362,0.11692729592323303,0.364034503698349,2.1119979310001327
90,-0.53224778175354,-0.0036773085594177246,1.2796924114227295,-0.19925682246685028,1.998936414718628,0.5933598875999451,1.39047372341156,0.07883592694997787,0.3720353841781616,2.1177564760000678
91,-0.5091387033462524,0.023109078407287598,1.2841838598251343,-0.33887195587158203,2.0092687606811523,0.6058193445205688,1.386938214302063,0.06724637746810913,0.438296914100647,2.1203371279998464
92,-0.4805122911930084,0.02862641215324402,1.284403920173645,-0.47403791546821594,2.0174500942230225,0.609449565410614,1.3908376693725586,0.06310319900512695,0.46691814064979553,2.130593656000201
93,-0.45027899742126465,0.030233293771743774,1.279854416847229,-0.6018089056015015,2.0253190994262695,0.6118930578231812,1.3958531618118286,0.06157069653272629,0.48314547538757324,2.1119871809996766
94,-0.4193423092365265,0.03093668818473816,1.2707407474517822,-0.7204751968383789,2.0333309173583984,0.6140788793563843,1.4013184309005737,0.06223827973008156,0.4940573573112488,2.128998450999916
95,-0.38802480697631836,0.03131750226020813,1.2574377059936523,-0.829088568687439,2.041715145111084,0.616346001625061,1.4070711135864258,0.06495325267314911,0.501681923866272,2.1445462819997374
96,-0.3564746379852295,0.03155016899108887,1.2404671907424927,-0.9271835088729858,2.050656795501709,0.6189286708831787,1.4130398035049438,0.06963149458169937,0.5068889856338501,2.1143690419999075
97,-0.3247712254524231,0.031703412532806396,1.2206941843032837,-1.0146417617797852,2.0602824687957764,0.6219446063041687,1.419222354888916,0.07621795684099197,0.5101513862609863,2.1156271439999728
98,-0.292961984872818,0.0318092405796051,1.1990724802017212,-1.0913771390914917,2.0706498622894287,0.625472366809845,1.4255914688110352,0.08466961234807968,0.5117525458335876,2.111726881999857
99,-0.2610774636268616,0.03188452124595642,1.176964282989502,-1.157210350036621,2.0817885398864746,0.6295119524002075,1.4321733713150024,0.09494137763977051,0.5118725895881653,2.1132054660001813
100,-0.22913867235183716,0.031938791275024414,1.1557912826538086,-1.2117589712142944,2.0936856269836426,0.634050726890564,1.4389690160751343,0.1070433259010315,0.5104570388793945,2.1406367610002235
